month,revenue_forecast
2021-01,62115442.41984339
2021-02,62441453.073482506
2021-03,71325105.60135534
2021-04,72592405.90462309
2021-05,75074353.83475901
2021-06,72039057.06703451
2021-07,73284608.90017165
2021-08,71044818.46370459
2021-09,71443664.41032362
2021-10,70725009.41470739
2021-11,70143031.68766744
2021-12,68041829.10356356
